{
    "weights": [
        {},
        {
            "name": "Adani Enterprises Ltd.",
            "ticker": "ADANIENT.NS",
            "slopes": [
                -0.6490520958890834,
                0.8783410007289076,
                0.7701198666626797
            ],
            "intercept": -0.18345349527947974
        },
        {
            "name": "Adani Ports and Special Economic Zone Ltd.",
            "ticker": "ADANIPORTS.NS",
            "slopes": [
                -0.5528711947780375,
                0.8470335955175157,
                0.7037776574204284
            ],
            "intercept": -0.12220427058707628
        },
        {
            "name": "Apollo Hospitals Enterprise Ltd.",
            "ticker": "APOLLOHOSP.NS",
            "slopes": [
                -0.5443428607898428,
                0.7793745618304257,
                0.7646676378917664
            ],
            "intercept": -0.8130543306212985
        },
        {
            "name": "Asian Paints Ltd.",
            "ticker": "ASIANPAINT.NS",
            "slopes": [
                -0.5945128647344189,
                0.8477347656319183,
                0.7462014276712445
            ],
            "intercept": -0.29935166923792167
        },
        {
            "name": "Axis Bank Ltd.",
            "ticker": "AXISBANK.NS",
            "slopes": [
                -0.5485149510808605,
                0.8258918912349733,
                0.7217759401443598
            ],
            "intercept": -0.11682825869695534
        },
        {
            "name": "Bajaj Auto Ltd.",
            "ticker": "BAJAJ-AUTO.NS",
            "slopes": [
                -0.5097298862125006,
                0.7277992737264356,
                0.7818132664141592
            ],
            "intercept": 0.9051677640709386
        },
        {
            "name": "Bajaj Finance Ltd.",
            "ticker": "BAJFINANCE.NS",
            "slopes": [
                -0.6551147356681081,
                0.8971049977681202,
                0.756276958216094
            ],
            "intercept": 0.17738947029442897
        },
        {
            "name": "Bajaj Finserv Ltd.",
            "ticker": "BAJAJFINSV.NS",
            "slopes": [
                -0.32233620805431884,
                0.6967657618555569,
                0.6239432095864959
            ],
            "intercept": 0.11930134963142791
        },
        {
            "name": "Bharat Petroleum Corporation Ltd.",
            "ticker": "BPCL.NS",
            "slopes": [
                -0.4990849193777324,
                0.7685360533221153,
                0.7297825621997475
            ],
            "intercept": -0.03853396022651623
        },
        {
            "name": "Bharti Airtel Ltd.",
            "ticker": "BHARTIARTL.NS",
            "slopes": [
                -0.41000283398960874,
                0.7438189524700416,
                0.664964723475577
            ],
            "intercept": 0.033882915645051526
        },
        {
            "name": "Britannia Industries Ltd.",
            "ticker": "BRITANNIA.NS",
            "slopes": [
                -0.4024088922598021,
                0.6308389869255713,
                0.7728711593414574
            ],
            "intercept": 0.078437762614044
        },
        {
            "name": "Cipla Ltd.",
            "ticker": "CIPLA.NS",
            "slopes": [
                -0.4939203310894014,
                0.7731561041326007,
                0.7195532533119051
            ],
            "intercept": 0.05209436583095339
        },
        {
            "name": "Coal India Ltd.",
            "ticker": "COALINDIA.NS",
            "slopes": [
                -0.508190242977925,
                0.848375515424215,
                0.6569682119470704
            ],
            "intercept": 0.05247752716456944
        },
        {
            "name": "Divi's Laboratories Ltd.",
            "ticker": "DIVISLAB.NS",
            "slopes": [
                -0.5187368101620452,
                0.7463242187347727,
                0.772538026281068
            ],
            "intercept": 0.12882714537136053
        },
        {
            "name": "Dr. Reddy's Laboratories Ltd.",
            "ticker": "DRREDDY.NS",
            "slopes": [
                -0.44182272537135925,
                0.7443716470742203,
                0.6967131191553372
            ],
            "intercept": -0.0669834069474291
        },
        {
            "name": "Eicher Motors Ltd.",
            "ticker": "EICHERMOT.NS",
            "slopes": [
                -0.5492518588088294,
                0.7342857016702649,
                0.815966707073916
            ],
            "intercept": 0.0031997577488027673
        },
        {
            "name": "Grasim Industries Ltd.",
            "ticker": "GRASIM.NS",
            "slopes": [
                -0.5196632289185148,
                0.7901008618857233,
                0.7284102132663908
            ],
            "intercept": 0.12337193202699837
        },
        {
            "name": "HCL Technologies Ltd.",
            "ticker": "HCLTECH.NS",
            "slopes": [
                -0.5139904784951984,
                0.7572154092615664,
                0.7565278730885845
            ],
            "intercept": 0.0926521905856248
        },
        {
            "name": "HDFC Bank Ltd.",
            "ticker": "HDFCBANK.NS",
            "slopes": [
                -0.5719534763304265,
                0.8427392159812419,
                0.7284619429461541
            ],
            "intercept": 0.029810279528589945
        },
        {
            "name": "HDFC Life Insurance Company Ltd.",
            "ticker": "HDFCLIFE.NS",
            "slopes": [
                -0.5730798934849769,
                0.7537226030592759,
                0.8195231266357657
            ],
            "intercept": 0.013878829731652331
        },
        {
            "name": "Hero MotoCorp Ltd.",
            "ticker": "HEROMOTOCO.NS",
            "slopes": [
                -0.5364252735674898,
                0.7743624371551798,
                0.7615505395527803
            ],
            "intercept": 0.6329054363097839
        },
        {
            "name": "Hindalco Industries Ltd.",
            "ticker": "HINDALCO.NS",
            "slopes": [
                -0.5395649239380172,
                0.7949144488608906,
                0.7438384517034723
            ],
            "intercept": -0.03513172250413277
        },
        {
            "name": "Hindustan Unilever Ltd.",
            "ticker": "HINDUNILVR.NS",
            "slopes": [
                -0.5697422405527064,
                0.7742143347321964,
                0.7959114444499861
            ],
            "intercept": 0.06921832183957122
        },
        {
            "name": "Housing Development Finance Corporation Ltd.",
            "ticker": "HDFC.NS",
            "slopes": [
                -0.5520975560857176,
                0.7345832561371997,
                0.8187596592495887
            ],
            "intercept": 0.09771835173148702
        },
        {
            "name": "ICICI Bank Ltd.",
            "ticker": "ICICIBANK.NS",
            "slopes": [
                -0.5191463078234472,
                0.7773821465279844,
                0.7417860143962594
            ],
            "intercept": -0.037170749968140626
        },
        {
            "name": "ITC Ltd.",
            "ticker": "ITC.NS",
            "slopes": [
                -0.5004285836265808,
                0.8231583935456737,
                0.6760090668031242
            ],
            "intercept": -0.028126868250268444
        },
        {
            "name": "IndusInd Bank Ltd.",
            "ticker": "INDUSINDBK.NS",
            "slopes": [
                -0.5591920061569036,
                0.837197827283898,
                0.7209421133465469
            ],
            "intercept": -0.3091304424244754
        },
        {
            "name": "Infosys Ltd.",
            "ticker": "INFY.NS",
            "slopes": [
                -0.5050094983524162,
                0.7520366208293849,
                0.7530463527132002
            ],
            "intercept": 0.009374478806478237
        },
        {
            "name": "JSW Steel Ltd.",
            "ticker": "JSWSTEEL.NS",
            "slopes": [
                -0.5752732849699892,
                0.826210026087534,
                0.7480746691859009
            ],
            "intercept": -0.051257517549800014
        },
        {
            "name": "Kotak Mahindra Bank Ltd.",
            "ticker": "KOTAKBANK.NS",
            "slopes": [
                -0.5248441207103396,
                0.8760304853069416,
                0.6467802588948682
            ],
            "intercept": -0.20190965483527634
        },
        {
            "name": "Larsen & Toubro Ltd.",
            "ticker": "LT.NS",
            "slopes": [
                -0.5362294795699365,
                0.8272128680882134,
                0.7073369306655305
            ],
            "intercept": -0.09081802586433696
        },
        {
            "name": "Mahindra & Mahindra Ltd.",
            "ticker": "M&M.NS",
            "slopes": [
                -0.5362610873662085,
                0.8208853511315293,
                0.7141251680838969
            ],
            "intercept": -0.06656586439333978
        },
        {
            "name": "Maruti Suzuki India Ltd.",
            "ticker": "MARUTI.NS",
            "slopes": [
                -0.601070035226026,
                0.8564148504823181,
                0.7433133605084233
            ],
            "intercept": -0.25697829246973924
        },
        {
            "name": "NTPC Ltd.",
            "ticker": "NTPC.NS",
            "slopes": [
                -0.49269512838243706,
                0.7879412039534808,
                0.7021619527823585
            ],
            "intercept": 0.14592662935334033
        },
        {
            "name": "Nestle India Ltd.",
            "ticker": "NESTLEIND.NS",
            "slopes": [
                -0.4758953743125906,
                0.7741059965542518,
                0.7013630637243755
            ],
            "intercept": -2.058714065238746
        },
        {
            "name": "Oil & Natural Gas Corporation Ltd.",
            "ticker": "ONGC.NS",
            "slopes": [
                -0.46379029262039795,
                0.7715832751040994,
                0.6902879515449127
            ],
            "intercept": 0.021771201538612672
        },
        {
            "name": "Power Grid Corporation of India Ltd.",
            "ticker": "POWERGRID.NS",
            "slopes": [
                -0.4533381016718891,
                0.7806380236414145,
                0.6704466955720316
            ],
            "intercept": 0.08791876097244256
        },
        {
            "name": "Reliance Industries Ltd.",
            "ticker": "RELIANCE.NS",
            "slopes": [
                -0.6088639215744927,
                0.8358434669232615,
                0.7720751429730521
            ],
            "intercept": -0.028824582189486136
        },
        {
            "name": "SBI Life Insurance Company Ltd.",
            "ticker": "SBILIFE.NS",
            "slopes": [
                -0.46061140205575096,
                0.7400726809589186,
                0.7218115654098344
            ],
            "intercept": -1.747590774160244
        },
        {
            "name": "State Bank of India",
            "ticker": "SBIN.NS",
            "slopes": [
                -0.6105571997840116,
                0.8394006827441693,
                0.7705312600504459
            ],
            "intercept": -0.07215571606946014
        },
        {
            "name": "Sun Pharmaceutical Industries Ltd.",
            "ticker": "SUNPHARMA.NS",
            "slopes": [
                -0.5435975334339016,
                0.8121461704005246,
                0.7299001167072519
            ],
            "intercept": -0.00664335497930324
        },
        {
            "name": "Tata Consultancy Services Ltd.",
            "ticker": "TCS.NS",
            "slopes": [
                -0.5402662667401162,
                0.7946013047329719,
                0.7453945291411005
            ],
            "intercept": -0.14677963150211326
        },
        {
            "name": "Tata Consumer Products Ltd.",
            "ticker": "TATACONSUM.NS",
            "slopes": [
                -0.5399140808122603,
                0.7782692675570233,
                0.7614869546171767
            ],
            "intercept": -0.0946377128987308
        },
        {
            "name": "Tata Motors Ltd.",
            "ticker": "TATAMOTORS.NS",
            "slopes": [
                -0.5241006291436848,
                0.8479938817052561,
                0.6736731728620854
            ],
            "intercept": -0.09754581351282354
        },
        {
            "name": "Tata Steel Ltd.",
            "ticker": "TATASTEEL.NS",
            "slopes": [
                -0.571515065372621,
                0.8269447658994551,
                0.7433855231293913
            ],
            "intercept": -0.01623444964302223
        },
        {
            "name": "Tech Mahindra Ltd.",
            "ticker": "TECHM.NS",
            "slopes": [
                -0.5313023944735045,
                0.7975882985344054,
                0.7335698082432921
            ],
            "intercept": -0.5534461028763644
        },
        {
            "name": "Titan Company Ltd.",
            "ticker": "TITAN.NS",
            "slopes": [
                -0.5535043947178637,
                0.8110820985275633,
                0.7419249411154409
            ],
            "intercept": -0.05649261041259024
        },
        {
            "name": "UPL Ltd.",
            "ticker": "UPL.NS",
            "slopes": [
                -0.5130027269058495,
                0.7760918079764216,
                0.7363039935154825
            ],
            "intercept": -0.11392422574743932
        },
        {
            "name": "UltraTech Cement Ltd.",
            "ticker": "ULTRACEMCO.NS",
            "slopes": [
                -0.5718511644382419,
                0.7971766658308277,
                0.774184903605432
            ],
            "intercept": 0.18903961753812837
        },
        {
            "name": "Wipro Ltd.",
            "ticker": "WIPRO.NS",
            "slopes": [
                -0.47475625468843224,
                0.748421991636977,
                0.7258469578609588
            ],
            "intercept": 0.029142118186058497
        }
    ]
}